{
  "torque_abs": 1.316070556640625,
  "power_W": 0.205078125,
  "internal_temperature_deg_C": 40.8,
  "position_gap": 59.83699822425797
}
